{
    "balance": 999.8799908718386,
    "position": {
        "side": "long",
        "entry_price": 73623.93,
        "quantity": 0.0013583573547511876,
        "leverage": 10,
        "tp": 75090.69660000001,
        "sl": 72882.1467,
        "time": "2026-05-29T01:21:32.766757+00:00"
    },
    "trade_log": [],
    "peak_balance": 1000,
    "lessons": []
}